file,species
4e9d3765f.png,Scentless Mayweed
5ca2687a4.png,Small-flowered Cranesbill
a8da9c08d.png,Small-flowered Cranesbill
a544fc46d.png,Fat Hen
c4ed8ed38.png,Small-flowered Cranesbill
3e9f41817.png,Loose Silky-bent
a4b61a4ea.png,Scentless Mayweed
e478c452c.png,Sugar beet
71b232519.png,Scentless Mayweed
6680836dd.png,Sugar beet
65d08b894.png,Fat Hen
aee6fa3df.png,Loose Silky-bent
e73e308be.png,Fat Hen
5a6bf96f6.png,Small-flowered Cranesbill
9c8b08a24.png,Loose Silky-bent
1c52ea820.png,Sugar beet
e5297b675.png,Loose Silky-bent
79dafec17.png,Loose Silky-bent
cae684f8f.png,Fat Hen
4e1190d78.png,Loose Silky-bent
089ad62a7.png,Common Chickweed
060450d79.png,Common Chickweed
6c874918c.png,Loose Silky-bent
ac75d3326.png,Loose Silky-bent
5c3cd7ea2.png,Fat Hen
25a4c427e.png,Loose Silky-bent
969a851be.png,Scentless Mayweed
16357b436.png,Loose Silky-bent
4287d810c.png,Common Chickweed
ab0f67743.png,Loose Silky-bent
74d810f87.png,Loose Silky-bent
2d992d1fb.png,Loose Silky-bent
dcd7ff249.png,Scentless Mayweed
c74c5b7fc.png,Small-flowered Cranesbill
79fba50db.png,Common Chickweed
7691014a1.png,Small-flowered Cranesbill
60fea2ef6.png,Sugar beet
24d78df74.png,Common Chickweed
dc4cd56a3.png,Loose Silky-bent
7cabd68cc.png,Loose Silky-bent
9b4800b42.png,Fat Hen
976e4e079.png,Common Chickweed
8585f9718.png,Loose Silky-bent
02cfeb38d.png,Loose Silky-bent
2df78338c.png,Common Chickweed
eaf0815e2.png,Small-flowered Cranesbill
9643fc5f4.png,Scentless Mayweed
466bb6d3b.png,Small-flowered Cranesbill
bd72d4d8a.png,Small-flowered Cranesbill
615d2b0a9.png,Fat Hen
668c1007c.png,Scentless Mayweed
d3331e071.png,Fat Hen
948cdb277.png,Fat Hen
8b9144917.png,Small-flowered Cranesbill
b03397525.png,Loose Silky-bent
7f31c7f42.png,Loose Silky-bent
74068643d.png,Loose Silky-bent
5e6a237f2.png,Sugar beet
d0cdc768f.png,Fat Hen
92292055d.png,Common Chickweed
3281183f9.png,Fat Hen
dabea05f4.png,Loose Silky-bent
acdb75e00.png,Loose Silky-bent
3f64c2c1b.png,Fat Hen
e7077322d.png,Scentless Mayweed
36839d5e9.png,Fat Hen
e1abb4ff9.png,Sugar beet
33317fc2a.png,Sugar beet
78750e0ff.png,Small-flowered Cranesbill
7a38416be.png,Sugar beet
8faadb6a8.png,Sugar beet
406162ef9.png,Small-flowered Cranesbill
b7ad92859.png,Small-flowered Cranesbill
3edf5e9ef.png,Fat Hen
3eda9cbb6.png,Small-flowered Cranesbill
b62dca166.png,Fat Hen
a800caead.png,Sugar beet
23bc8ec4f.png,Common Chickweed
239bdf640.png,Fat Hen
1459e96a0.png,Fat Hen
36d62bf36.png,Loose Silky-bent
a2b703e21.png,Small-flowered Cranesbill
32b42c120.png,Sugar beet
bb1c84bbc.png,Loose Silky-bent
a85fc8c9a.png,Small-flowered Cranesbill
b130a0632.png,Small-flowered Cranesbill
03ef36742.png,Fat Hen
486e59179.png,Common Chickweed
0e8492cb1.png,Sugar beet
da5255450.png,Common Chickweed
0086a6340.png,Common Chickweed
29f49cd0b.png,Fat Hen
1376f3b63.png,Loose Silky-bent
d8f4923f8.png,Common Chickweed
219fd68d5.png,Fat Hen
35a90f8d0.png,Fat Hen
5af1d74ee.png,Fat Hen
c63da993b.png,Sugar beet
65e262a6d.png,Small-flowered Cranesbill
f0ffa00bd.png,Small-flowered Cranesbill
2e86f1085.png,Fat Hen
523e5505c.png,Fat Hen
05341a8a6.png,Scentless Mayweed
cd6adba97.png,Small-flowered Cranesbill
8cfd98117.png,Scentless Mayweed
64fe8beb9.png,Fat Hen
90d119d25.png,Scentless Mayweed
61b044411.png,Common Chickweed
966ae5ad9.png,Loose Silky-bent
0c51bf229.png,Small-flowered Cranesbill
32a8c8a1d.png,Loose Silky-bent
a8c8a1db0.png,Small-flowered Cranesbill
67e185673.png,Small-flowered Cranesbill
d93c7ab6d.png,Loose Silky-bent
a2c89c367.png,Small-flowered Cranesbill
25fa8d109.png,Fat Hen
44e8b8833.png,Small-flowered Cranesbill
c60e91e07.png,Loose Silky-bent
a890ac088.png,Small-flowered Cranesbill
4c7838de4.png,Common Chickweed
03e322a29.png,Sugar beet
a060c1cf8.png,Small-flowered Cranesbill
8cf909eb3.png,Small-flowered Cranesbill
e15472085.png,Common Chickweed
fc3e58836.png,Scentless Mayweed
fea1d13d6.png,Common Chickweed
3526b05cc.png,Fat Hen
a1e0a6c02.png,Scentless Mayweed
2ea664465.png,Fat Hen
41e07778c.png,Fat Hen
808578ed5.png,Fat Hen
76dbd1054.png,Fat Hen
4bcdaa5e2.png,Fat Hen
5bd71f445.png,Common Chickweed
97b2f0a10.png,Small-flowered Cranesbill
d5f7dd60a.png,Scentless Mayweed
d9c50616e.png,Sugar beet
377283a21.png,Small-flowered Cranesbill
d14aa43f3.png,Small-flowered Cranesbill
824f5d4e5.png,Fat Hen
6a41bf95b.png,Fat Hen
b0acaff4a.png,Loose Silky-bent
4ea7493d5.png,Sugar beet
59e1cea8d.png,Fat Hen
03566743d.png,Common Chickweed
8e2e5604e.png,Sugar beet
429211ee6.png,Fat Hen
e6f1211a2.png,Sugar beet
c10db7ae2.png,Small-flowered Cranesbill
728eabae1.png,Small-flowered Cranesbill
558aa7deb.png,Loose Silky-bent
fda39e16f.png,Loose Silky-bent
659412b1a.png,Loose Silky-bent
c6b76307d.png,Fat Hen
9fab816f2.png,Fat Hen
2ff5cb348.png,Fat Hen
65489944f.png,Small-flowered Cranesbill
5315c2dca.png,Loose Silky-bent
4bbf1f6ea.png,Small-flowered Cranesbill
78c5fba1d.png,Fat Hen
01291174f.png,Fat Hen
a8b431a3e.png,Fat Hen
dce2f6612.png,Common Chickweed
060f1dc84.png,Fat Hen
4e18ab737.png,Fat Hen
592473c83.png,Loose Silky-bent
e5368474f.png,Small-flowered Cranesbill
205df1df3.png,Fat Hen
afcf6abd5.png,Common Chickweed
88d8a4508.png,Fat Hen
76555b064.png,Loose Silky-bent
eef131644.png,Loose Silky-bent
5a38ac566.png,Loose Silky-bent
6bce55e05.png,Small-flowered Cranesbill
3abb502fb.png,Loose Silky-bent
8cf2e3e6c.png,Common Chickweed
8455169fe.png,Scentless Mayweed
87608f7aa.png,Small-flowered Cranesbill
be341dbdc.png,Loose Silky-bent
c26ccf73c.png,Common Chickweed
edfdb4aeb.png,Small-flowered Cranesbill
43ede9de9.png,Sugar beet
6be169e41.png,Small-flowered Cranesbill
099b961ec.png,Common Chickweed
adb7a032c.png,Loose Silky-bent
33448fe39.png,Loose Silky-bent
f1f7c833f.png,Small-flowered Cranesbill
22fbf13d6.png,Loose Silky-bent
3d38a87bc.png,Scentless Mayweed
d350a25fa.png,Common Chickweed
0dba99002.png,Sugar beet
af45e222a.png,Scentless Mayweed
98da6ef4e.png,Scentless Mayweed
f4021df6c.png,Fat Hen
8a32d0bfa.png,Small-flowered Cranesbill
35ebe165c.png,Loose Silky-bent
a3d0031fd.png,Loose Silky-bent
bf3924a57.png,Common Chickweed
b687160f5.png,Small-flowered Cranesbill
55920f07f.png,Small-flowered Cranesbill
1758a1baf.png,Common Chickweed
785a73ab8.png,Common Chickweed
5ee9d0a5b.png,Loose Silky-bent
007b3da8b.png,Sugar beet
3d67c434b.png,Fat Hen
19e58cc5e.png,Common Chickweed
c10ccbd82.png,Fat Hen
85431c075.png,Loose Silky-bent
e96e57a90.png,Small-flowered Cranesbill
f4234cf4f.png,Fat Hen
f4e7733d4.png,Small-flowered Cranesbill
e5e3dccff.png,Fat Hen
589e643b8.png,Small-flowered Cranesbill
e19673dc9.png,Small-flowered Cranesbill
99569b224.png,Fat Hen
a9d2eab61.png,Loose Silky-bent
d2f422ccb.png,Common Chickweed
7b21ba6ba.png,Fat Hen
fd87b36ae.png,Loose Silky-bent
338c7e907.png,Small-flowered Cranesbill
c1ecff98b.png,Loose Silky-bent
f66ae4070.png,Small-flowered Cranesbill
026716f9b.png,Loose Silky-bent
b3d6fdb80.png,Small-flowered Cranesbill
32c86784b.png,Common Chickweed
11d3f68ff.png,Loose Silky-bent
b944a49ca.png,Loose Silky-bent
86c309150.png,Fat Hen
cbba27d89.png,Small-flowered Cranesbill
37297a64c.png,Common Chickweed
8a30b2de3.png,Sugar beet
3d65168c2.png,Common Chickweed
75cb95e91.png,Small-flowered Cranesbill
17a78fb44.png,Fat Hen
c50335991.png,Sugar beet
f4caf74f9.png,Small-flowered Cranesbill
809eb0b82.png,Fat Hen
7c85b0265.png,Loose Silky-bent
79e5ea8fa.png,Loose Silky-bent
c5e88cd42.png,Common Chickweed
c0bc3997b.png,Fat Hen
6df8e31ea.png,Scentless Mayweed
e921021a8.png,Fat Hen
ec08a5d56.png,Small-flowered Cranesbill
288564c76.png,Sugar beet
bb64660b7.png,Sugar beet
22e79540f.png,Scentless Mayweed
fba8fc78a.png,Loose Silky-bent
5296835a0.png,Small-flowered Cranesbill
d84d37a61.png,Common Chickweed
8ab8a958b.png,Fat Hen
a935ca110.png,Loose Silky-bent
0f6cbe5e8.png,Small-flowered Cranesbill
78b1bf91a.png,Sugar beet
6982a9d30.png,Small-flowered Cranesbill
c5078bac5.png,Loose Silky-bent
0d117d910.png,Common Chickweed
9c777333d.png,Common Chickweed
1fefb54b7.png,Sugar beet
d689256be.png,Fat Hen
c6c8d4ba0.png,Loose Silky-bent
3bbef3ecb.png,Fat Hen
61dd2cdc5.png,Fat Hen
d17f48d3b.png,Fat Hen
bfab3e3d0.png,Sugar beet
7b52585da.png,Loose Silky-bent
96ecad7a1.png,Small-flowered Cranesbill
46c14fde2.png,Loose Silky-bent
1d0cbd819.png,Loose Silky-bent
a38b8a581.png,Small-flowered Cranesbill
48d97c645.png,Small-flowered Cranesbill
a74d475c2.png,Common Chickweed
122913909.png,Small-flowered Cranesbill
dd5ec63d9.png,Sugar beet
1364b297a.png,Fat Hen
f445fe6fb.png,Small-flowered Cranesbill
7d4cd07ad.png,Common Chickweed
8e29abce1.png,Common Chickweed
30ad31220.png,Small-flowered Cranesbill
721b2c47a.png,Fat Hen
6da892be6.png,Small-flowered Cranesbill
33748968f.png,Fat Hen
3eebd36c6.png,Small-flowered Cranesbill
98d819587.png,Small-flowered Cranesbill
0a64e3e6c.png,Loose Silky-bent
e0ec5b6a1.png,Fat Hen
1694a70e4.png,Fat Hen
8e4eaeec0.png,Common Chickweed
20e562fd5.png,Sugar beet
e5064f6be.png,Sugar beet
b6a3f7876.png,Loose Silky-bent
3a909ead8.png,Small-flowered Cranesbill
20ea96bcc.png,Sugar beet
5883b423d.png,Scentless Mayweed
770a265f5.png,Small-flowered Cranesbill
a5db42f7d.png,Small-flowered Cranesbill
ef3e232ad.png,Common Chickweed
4c5ab9b68.png,Sugar beet
1f5e5554e.png,Fat Hen
39b740f7e.png,Loose Silky-bent
e1809cef2.png,Small-flowered Cranesbill
b39c71707.png,Small-flowered Cranesbill
a2d25b4f3.png,Common Chickweed
1541bdb2e.png,Small-flowered Cranesbill
82b5f4d33.png,Small-flowered Cranesbill
ffc6f8527.png,Loose Silky-bent
d0152bd7c.png,Sugar beet
ef7a5651d.png,Small-flowered Cranesbill
29ce426a1.png,Common Chickweed
ef02b4ee7.png,Sugar beet
39c8fde99.png,Loose Silky-bent
34dd57ca9.png,Loose Silky-bent
b215531dd.png,Fat Hen
59c6a9f95.png,Fat Hen
fd925f542.png,Common Chickweed
8dbb8e1b9.png,Sugar beet
241e6935a.png,Sugar beet
93079d970.png,Sugar beet
0ebf8f2f4.png,Small-flowered Cranesbill
e19ad6ac9.png,Sugar beet
ace8761dd.png,Common Chickweed
9aa5587fe.png,Loose Silky-bent
963544aa0.png,Loose Silky-bent
3f92d8039.png,Loose Silky-bent
7d3045fc3.png,Sugar beet
14bb43eee.png,Fat Hen
f23faf9c1.png,Loose Silky-bent
c85ef220d.png,Common Chickweed
38c054379.png,Small-flowered Cranesbill
f9b6bfb00.png,Fat Hen
686dc7ec8.png,Loose Silky-bent
116b136de.png,Sugar beet
2bd74d2da.png,Loose Silky-bent
8874bba69.png,Loose Silky-bent
ff65bc002.png,Fat Hen
754b1adf8.png,Small-flowered Cranesbill
90b595f12.png,Common Chickweed
be2499cf4.png,Fat Hen
cd5f0db1c.png,Small-flowered Cranesbill
8d6991365.png,Loose Silky-bent
851c90831.png,Loose Silky-bent
391dcd7fd.png,Loose Silky-bent
55fed435f.png,Small-flowered Cranesbill
a254d71f6.png,Loose Silky-bent
26e7ae885.png,Fat Hen
29bab7cad.png,Common Chickweed
35cf9fa01.png,Scentless Mayweed
664194d19.png,Small-flowered Cranesbill
a8de7c1b7.png,Loose Silky-bent
71334c634.png,Small-flowered Cranesbill
995c7ab1e.png,Fat Hen
20f983a71.png,Fat Hen
cfd8165e9.png,Fat Hen
0ae6668fa.png,Loose Silky-bent
f8318faf1.png,Common Chickweed
f25996db8.png,Small-flowered Cranesbill
08d591441.png,Sugar beet
8e6ec1ca6.png,Small-flowered Cranesbill
1bf9b94a6.png,Fat Hen
8ca6140ca.png,Loose Silky-bent
837ac0270.png,Fat Hen
39858776a.png,Fat Hen
ef9676433.png,Scentless Mayweed
e4a76885b.png,Small-flowered Cranesbill
958bb9e96.png,Fat Hen
42e7ed442.png,Small-flowered Cranesbill
39d569be4.png,Loose Silky-bent
8a4d3a1b1.png,Loose Silky-bent
a3b375b34.png,Loose Silky-bent
ce3d280eb.png,Common Chickweed
3dd52bd2a.png,Small-flowered Cranesbill
fadc6adbc.png,Small-flowered Cranesbill
fea355851.png,Loose Silky-bent
25cf6eb73.png,Small-flowered Cranesbill
3ebbe9ca4.png,Small-flowered Cranesbill
148bbda66.png,Small-flowered Cranesbill
0ad9e7dfb.png,Small-flowered Cranesbill
c35efa095.png,Fat Hen
8e3ed0a25.png,Small-flowered Cranesbill
c0461776c.png,Common Chickweed
afa446484.png,Sugar beet
6908fb540.png,Sugar beet
c06e7c748.png,Fat Hen
5817b766d.png,Common Chickweed
19618ad6a.png,Sugar beet
77ccb8b2a.png,Small-flowered Cranesbill
fb022edf9.png,Fat Hen
800a8c17e.png,Scentless Mayweed
6edb96d45.png,Fat Hen
fbf88b6be.png,Small-flowered Cranesbill
063363305.png,Small-flowered Cranesbill
9d79a1f0c.png,Small-flowered Cranesbill
a35fd6fbb.png,Common Chickweed
0ee4ad224.png,Scentless Mayweed
fc6f686fb.png,Sugar beet
a55d26a4c.png,Common Chickweed
b573b7a56.png,Loose Silky-bent
e80a259c5.png,Small-flowered Cranesbill
48ef6a2ff.png,Fat Hen
24c94a6ca.png,Sugar beet
5eb9c26a6.png,Common Chickweed
26852751a.png,Fat Hen
1d48b7564.png,Loose Silky-bent
65e97117e.png,Loose Silky-bent
446f7da01.png,Fat Hen
279df95f2.png,Sugar beet
d563be369.png,Fat Hen
1c680883c.png,Loose Silky-bent
4bbfd1e05.png,Sugar beet
599691cd9.png,Small-flowered Cranesbill
953496deb.png,Fat Hen
d515398fd.png,Loose Silky-bent
6dd095129.png,Common Chickweed
13b9fa92d.png,Sugar beet
d01873fdd.png,Loose Silky-bent
c0d9e170b.png,Small-flowered Cranesbill
606647f64.png,Common Chickweed
632156793.png,Fat Hen
fd253a74e.png,Fat Hen
f1e87cba7.png,Loose Silky-bent
fef2ade8c.png,Sugar beet
4ac29bbf0.png,Common Chickweed
63c07d340.png,Fat Hen
4049a6ea6.png,Loose Silky-bent
a7bd7cadb.png,Fat Hen
3da774107.png,Fat Hen
87f627bf9.png,Common Chickweed
0911d3dee.png,Common Chickweed
892e9d6c6.png,Fat Hen
0885e7690.png,Scentless Mayweed
835dc5447.png,Small-flowered Cranesbill
e901b0f28.png,Fat Hen
6049234e6.png,Fat Hen
1623fb9e1.png,Sugar beet
88ac6df54.png,Loose Silky-bent
7f9e9565d.png,Fat Hen
7beb2766f.png,Scentless Mayweed
20817c846.png,Fat Hen
4b032563b.png,Common Chickweed
00c47e980.png,Sugar beet
1821eb11a.png,Fat Hen
e14afa235.png,Fat Hen
974959ec1.png,Sugar beet
856f2910a.png,Small-flowered Cranesbill
aaf4da98f.png,Sugar beet
c7051c902.png,Common Chickweed
b145ba9d4.png,Fat Hen
cb76a7766.png,Fat Hen
53e6e9000.png,Fat Hen
2406d6c99.png,Common Chickweed
da4ed3a28.png,Scentless Mayweed
74fd477eb.png,Common Chickweed
4f44ca525.png,Common Chickweed
7fdb7202d.png,Fat Hen
647689543.png,Loose Silky-bent
df7cb5f87.png,Common Chickweed
ef65533d5.png,Loose Silky-bent
5b3000b9a.png,Small-flowered Cranesbill
12625488b.png,Fat Hen
043449b0b.png,Sugar beet
66ab0e8d0.png,Sugar beet
4392d93cf.png,Fat Hen
07e62f903.png,Small-flowered Cranesbill
d668409ff.png,Sugar beet
5b3beec58.png,Loose Silky-bent
fa9f3a8f9.png,Fat Hen
cec5bf198.png,Fat Hen
177d7e2a4.png,Common Chickweed
eec1079a1.png,Small-flowered Cranesbill
8301b0547.png,Fat Hen
16fd2e01a.png,Small-flowered Cranesbill
d488a4fe1.png,Fat Hen
59358cd44.png,Small-flowered Cranesbill
4a337a4a9.png,Fat Hen
e5881dd33.png,Fat Hen
f6d250856.png,Small-flowered Cranesbill
827279bad.png,Fat Hen
f4ad9d950.png,Sugar beet
8c98a6e9b.png,Loose Silky-bent
5ca0205f9.png,Fat Hen
6b721f68e.png,Loose Silky-bent
172f9b10b.png,Common Chickweed
8916793ce.png,Small-flowered Cranesbill
003d61042.png,Fat Hen
675ec1b0b.png,Small-flowered Cranesbill
7696badea.png,Loose Silky-bent
780defa2e.png,Common Chickweed
0437393b1.png,Sugar beet
bf66b9cd2.png,Small-flowered Cranesbill
73260a4ee.png,Fat Hen
ce15eee52.png,Sugar beet
e88bf0db9.png,Common Chickweed
456d507c0.png,Fat Hen
37e545a60.png,Common Chickweed
721be0a4a.png,Loose Silky-bent
c7b07431e.png,Fat Hen
5b63dcc21.png,Common Chickweed
55251925f.png,Common Chickweed
fdea6b119.png,Loose Silky-bent
b7a7f6390.png,Fat Hen
bdde957ec.png,Fat Hen
de0b79659.png,Fat Hen
e9cd91682.png,Common Chickweed
0fb233ad6.png,Small-flowered Cranesbill
ba3ce6b3e.png,Fat Hen
a8388a37f.png,Fat Hen
593896f83.png,Common Chickweed
fe9e87b78.png,Small-flowered Cranesbill
9b9911f20.png,Fat Hen
cadab6616.png,Small-flowered Cranesbill
23e480e64.png,Common Chickweed
7e9cf1c46.png,Small-flowered Cranesbill
59f62ad1d.png,Loose Silky-bent
2d5058a59.png,Common Chickweed
7615e52d3.png,Fat Hen
9cce7328c.png,Loose Silky-bent
8311740de.png,Fat Hen
ad12382d4.png,Loose Silky-bent
c2de6020a.png,Small-flowered Cranesbill
2dd5cfba9.png,Small-flowered Cranesbill
8a8d6c712.png,Sugar beet
86f08e6d1.png,Fat Hen
1b490196c.png,Small-flowered Cranesbill
490c4f9c8.png,Sugar beet
b98327bf4.png,Fat Hen
cf90fc52d.png,Small-flowered Cranesbill
fe29629fb.png,Fat Hen
2126dc71b.png,Common Chickweed
855955aaf.png,Small-flowered Cranesbill
9a3f20121.png,Loose Silky-bent
8c9953903.png,Sugar beet
2f0004a7f.png,Fat Hen
d6d80a321.png,Fat Hen
31f3dd81f.png,Loose Silky-bent
3efa1f66c.png,Loose Silky-bent
1926e82fd.png,Loose Silky-bent
bea23d9f8.png,Scentless Mayweed
0bf7bfb05.png,Loose Silky-bent
a83820a2c.png,Sugar beet
6db684fff.png,Fat Hen
52dc7a4d6.png,Common Chickweed
dabe3e5be.png,Small-flowered Cranesbill
0d31e6602.png,Small-flowered Cranesbill
f85ed9b6d.png,Fat Hen
52a87abe5.png,Fat Hen
0c5f6c493.png,Common Chickweed
caa2fbd79.png,Common Chickweed
1cfd91582.png,Fat Hen
86676d627.png,Fat Hen
56112b92c.png,Small-flowered Cranesbill
e4d5ec761.png,Loose Silky-bent
071cb3ece.png,Sugar beet
f9ea23fb5.png,Fat Hen
c7ae30f3a.png,Small-flowered Cranesbill
cb496f36e.png,Loose Silky-bent
f48916a8c.png,Scentless Mayweed
e15fce4f2.png,Fat Hen
24dbc3b21.png,Sugar beet
8b043093d.png,Small-flowered Cranesbill
187668bde.png,Fat Hen
3185294c8.png,Fat Hen
b2706e2b3.png,Fat Hen
d89db156f.png,Small-flowered Cranesbill
a006a475c.png,Common Chickweed
abc331628.png,Fat Hen
6b9d6f8c9.png,Sugar beet
0caeda5df.png,Fat Hen
a169b71e7.png,Scentless Mayweed
d2fd9df40.png,Loose Silky-bent
8170d33c1.png,Small-flowered Cranesbill
9d3cb4745.png,Fat Hen
8b27bfd2b.png,Small-flowered Cranesbill
dd9f36df7.png,Small-flowered Cranesbill
5dcad9a53.png,Small-flowered Cranesbill
df11d56a7.png,Sugar beet
c5e419015.png,Scentless Mayweed
b1cd2a91e.png,Fat Hen
4f83143e1.png,Small-flowered Cranesbill
165681fd9.png,Fat Hen
b828443ff.png,Small-flowered Cranesbill
24d36c52c.png,Common Chickweed
270b939cf.png,Common Chickweed
c069fc3fa.png,Fat Hen
3fbf1a417.png,Fat Hen
00d090cde.png,Loose Silky-bent
a19c3faca.png,Sugar beet
223e4af09.png,Sugar beet
406ecb5c5.png,Small-flowered Cranesbill
6ba4ef411.png,Fat Hen
506347cfe.png,Small-flowered Cranesbill
ac3193f78.png,Common Chickweed
115f93ecc.png,Loose Silky-bent
e9d48d664.png,Small-flowered Cranesbill
e471f1d3a.png,Small-flowered Cranesbill
19fdf19fb.png,Loose Silky-bent
b7192c70f.png,Fat Hen
1b6a6494d.png,Fat Hen
bb7621cb3.png,Fat Hen
71e73a8a0.png,Sugar beet
efe19dc32.png,Small-flowered Cranesbill
0c45ace27.png,Common Chickweed
ede6b84b4.png,Fat Hen
c832e4302.png,Fat Hen
2d9c798f9.png,Small-flowered Cranesbill
aecfaed64.png,Common Chickweed
37714071b.png,Small-flowered Cranesbill
aad8375e0.png,Fat Hen
cf46d09c5.png,Common Chickweed
550a8b7e6.png,Small-flowered Cranesbill
8d6acbe9b.png,Common Chickweed
862b8e7a0.png,Sugar beet
bb1d1bfd3.png,Small-flowered Cranesbill
c8f50f0c3.png,Fat Hen
bebcaab66.png,Fat Hen
1be0713da.png,Scentless Mayweed
17529c555.png,Fat Hen
a1da8be3c.png,Small-flowered Cranesbill
7d22abf91.png,Fat Hen
b4f7c9214.png,Loose Silky-bent
abf8b0772.png,Fat Hen
fea3da57c.png,Sugar beet
c0f5d9ac8.png,Common Chickweed
808cf55c6.png,Fat Hen
1f290e016.png,Small-flowered Cranesbill
126a71ce0.png,Sugar beet
91e469b4a.png,Small-flowered Cranesbill
b47691c08.png,Fat Hen
0021e90e4.png,Small-flowered Cranesbill
b30ab4659.png,Fat Hen
c88ebfb47.png,Small-flowered Cranesbill
502dff972.png,Small-flowered Cranesbill
5779fe8b4.png,Fat Hen
48231e475.png,Fat Hen
da231c97f.png,Small-flowered Cranesbill
c75a82234.png,Fat Hen
67ce3eaa6.png,Sugar beet
80e299ae9.png,Fat Hen
cf3a8b2fd.png,Loose Silky-bent
36ed4f215.png,Common Chickweed
8ece6efec.png,Small-flowered Cranesbill
a85b48a95.png,Fat Hen
d41d87796.png,Scentless Mayweed
5bc6595f6.png,Small-flowered Cranesbill
b5c7fd009.png,Loose Silky-bent
56a01b835.png,Fat Hen
4e69d100a.png,Small-flowered Cranesbill
99036c51d.png,Loose Silky-bent
4823c3ffa.png,Fat Hen
d2f0f326e.png,Fat Hen
bffc08672.png,Fat Hen
3827436f3.png,Common Chickweed
e84464f5a.png,Small-flowered Cranesbill
9516e56c4.png,Loose Silky-bent
8303b27ed.png,Loose Silky-bent
55a852f40.png,Common Chickweed
6a47821f9.png,Loose Silky-bent
54b3afd58.png,Sugar beet
1d321253f.png,Fat Hen
17d5e5ac4.png,Loose Silky-bent
f593c9cf0.png,Fat Hen
93d76fd5d.png,Small-flowered Cranesbill
9baf94467.png,Sugar beet
0625f063b.png,Common Chickweed
c7eb96871.png,Fat Hen
f2dc546ca.png,Small-flowered Cranesbill
599c82eea.png,Small-flowered Cranesbill
410e6f702.png,Small-flowered Cranesbill
9c32a797e.png,Fat Hen
24a058589.png,Scentless Mayweed
04814f36d.png,Scentless Mayweed
9df3275da.png,Small-flowered Cranesbill
a0b393945.png,Common Chickweed
2f246d688.png,Small-flowered Cranesbill
19b51843a.png,Common Chickweed
0c27cf05f.png,Common Chickweed
780bd2a2c.png,Sugar beet
aa7d098d1.png,Common Chickweed
0751c0bbc.png,Sugar beet
6edc76e7c.png,Fat Hen
fda0b5c38.png,Fat Hen
98062cd87.png,Small-flowered Cranesbill
5bbc0a255.png,Common Chickweed
da713c465.png,Loose Silky-bent
cfb18d262.png,Small-flowered Cranesbill
a74bf916d.png,Small-flowered Cranesbill
592cc5b89.png,Loose Silky-bent
e1a0e3202.png,Loose Silky-bent
5f04aed97.png,Small-flowered Cranesbill
653193c1a.png,Fat Hen
54c8bb900.png,Fat Hen
47f9e5d91.png,Common Chickweed
1d56351b2.png,Common Chickweed
03a2ee656.png,Small-flowered Cranesbill
b9062c1c8.png,Sugar beet
d09275360.png,Sugar beet
f9f35cbd4.png,Common Chickweed
e721c6ac8.png,Loose Silky-bent
50de8a115.png,Common Chickweed
e52493d0b.png,Fat Hen
41f1c3cdb.png,Fat Hen
4b155fb07.png,Small-flowered Cranesbill
1191ba346.png,Fat Hen
a93f940d6.png,Fat Hen
897e5a8de.png,Fat Hen
1312065a5.png,Small-flowered Cranesbill
699d3c707.png,Sugar beet
60ee66ddd.png,Fat Hen
6d6eb3830.png,Fat Hen
b341d0aab.png,Common Chickweed
d09d24c58.png,Loose Silky-bent
beebe5f4e.png,Small-flowered Cranesbill
47b7d8e17.png,Small-flowered Cranesbill
bd789d151.png,Common Chickweed
9326bda1b.png,Common Chickweed
2a667e099.png,Fat Hen
258b1183c.png,Fat Hen
cc3d2a59a.png,Fat Hen
da9ef7858.png,Fat Hen
d102e1a15.png,Fat Hen
e783f5a4f.png,Sugar beet
1e095a7e1.png,Small-flowered Cranesbill
fa5fd1384.png,Small-flowered Cranesbill
b31292706.png,Common Chickweed
f33e9d918.png,Fat Hen
1f3f44563.png,Small-flowered Cranesbill
cbe761896.png,Fat Hen
618de3d7a.png,Fat Hen
b026bf8ca.png,Loose Silky-bent
16467a950.png,Loose Silky-bent
2a5064f19.png,Fat Hen
e98e5d1d5.png,Fat Hen
ab35453cb.png,Fat Hen
085974290.png,Fat Hen
06d12f6fa.png,Small-flowered Cranesbill
b6f3d8b5d.png,Fat Hen
59b2c6f2b.png,Common Chickweed
ae90f2827.png,Common Chickweed
0c4199daa.png,Loose Silky-bent
a0f37c726.png,Small-flowered Cranesbill
cc74feadc.png,Loose Silky-bent
b4c3df835.png,Scentless Mayweed
f351ce097.png,Loose Silky-bent
866be78b0.png,Small-flowered Cranesbill
3f826b318.png,Common Chickweed
3b73c3b61.png,Common Chickweed
756dd5070.png,Common Chickweed
2693e5c65.png,Small-flowered Cranesbill
539961189.png,Common Chickweed
7506c0c02.png,Fat Hen
e3f50adfc.png,Fat Hen
590f5aea6.png,Fat Hen
b3e08b037.png,Fat Hen
dfb1d9012.png,Loose Silky-bent
5bdcfa329.png,Loose Silky-bent
1dc7c45df.png,Loose Silky-bent
3fbd0fc6a.png,Common Chickweed
d6d31dcbe.png,Scentless Mayweed
7f46a71db.png,Sugar beet
d7017f701.png,Fat Hen
69d1669f8.png,Small-flowered Cranesbill
a276c65f7.png,Loose Silky-bent
521b27a17.png,Loose Silky-bent
d6c8c3c48.png,Small-flowered Cranesbill
bb20fce02.png,Fat Hen
31fcdc161.png,Small-flowered Cranesbill
ce42adffb.png,Loose Silky-bent
37c3108d6.png,Common Chickweed
79d93bc96.png,Loose Silky-bent
df521c0c0.png,Loose Silky-bent
ef74dbcad.png,Scentless Mayweed
b29339405.png,Loose Silky-bent
00ef713a8.png,Common Chickweed
711b46fba.png,Small-flowered Cranesbill
444473900.png,Fat Hen
8f523520c.png,Small-flowered Cranesbill
9c0c5b731.png,Loose Silky-bent
752101fdf.png,Small-flowered Cranesbill
4c8005bbc.png,Loose Silky-bent
dc55449b2.png,Sugar beet
2b55a2da2.png,Small-flowered Cranesbill
248436078.png,Fat Hen
f3fcfff1b.png,Scentless Mayweed
e82017baa.png,Loose Silky-bent
8104422bb.png,Common Chickweed
53ceb4657.png,Common Chickweed
8db450ce3.png,Common Chickweed
604dd663f.png,Common Chickweed
96f14d90c.png,Sugar beet
60f0bc617.png,Small-flowered Cranesbill
97844bfd5.png,Fat Hen
8bc0261c9.png,Loose Silky-bent
534e74d83.png,Small-flowered Cranesbill
71f5323c5.png,Loose Silky-bent
c64370a72.png,Sugar beet
